1,reddit.com
2,cnn.com
3,nytimes.com
4,huffingtonpost.com
5,theguardian.com
6,foxnews.com
7,news.yahoo.com
8,forbes.com
9,news.google.com
10,bbc.co.uk/news/
11,shutterstock.com
12,weather.com
13,usatoday.com
14,timesofindia.indiatimes.com
15,wsj.com
16,bloomberg.com
17,accuweather.com
18,reuters.com
19,cbsnews.com
20,money.cnn.com
21,drudgereport.com
22,nbcnews.com
23,time.com
24,latimes.com
25,nypost.com
26,indianexpress.com
27,topix.com
28,cnbc.com
29,abcnews.go.com
30,economictimes.indiatimes.com
31,chron.com
32,wunderground.com
33,thehindu.com
34,theatlantic.com
35,nationalgeographic.com
36,eenadu.net
37,dw.com
38,sfgate.com
39,news.com.au
40,cbc.ca/news/
41,usnews.com
42,manoramaonline.com
43,chicagotribune.com
44,chinadaily.com.cn
45,alarabiya.net
46,thedailybeast.com
47,thehill.com
48,fortune.com
49,weather.gov
50,hindustantimes.com
51,my.yahoo.com
52,economist.com
53,smh.com.au
54,navbharattimes.indiatimes.com
55,hollywoodreporter.com
56,andhrajyothy.com
57,aljazeera.com
58,yr.no
59,newsmax.com
60,bankrate.com
61,ap.org
62,voanews.com
63,owl.english.purdue.edu
64,yonhapnews.co.kr
65,washingtontimes.com
66,variety.com
67,mathrubhumi.com
68,newsnow.co.uk
69,theglobeandmail.com
70,adweek.com
71,anandabazar.com
72,newsweek.com
73,euronews.com
74,news.sky.com
75,amarujala.com
76,bostonglobe.com
77,business-standard.com
78,nj.com
79,globaltimes.cn
80,irna.ir
81,france24.com
82,theonion.com
83,prnewswire.com
84,ctvnews.ca
85,livemint.com
86,theage.com.au
87,good.is
88,zougla.gr
89,inquisitr.com
90,thestar.com
91,dailycaller.com
92,miamiherald.com
93,bdnews24.com
94,freep.com
95,observer.com
96,dnaindia.com
97,beforeitsnews.com
98,oregonlive.com
99,alternet.org
100,philly.com
101,pbs.org/newshour/
102,intellicast.com
103,deccanchronicle.com
104,seattletimes.com
105,theweek.com
106,foxbusiness.com
107,al.com
108,fark.com
109,azcentral.com
110,washingtonexaminer.com
111,metafilter.com
112,dallasnews.com
113,nationalpost.com
114,startribune.com
115,financialexpress.com
116,denverpost.com
117,mercurynews.com
118,upi.com
119,thetimes.co.uk
120,dailythanthi.com
121,rd.com
122,bbc.co.uk/news/business/
123,metoffice.gov.uk
124,stltoday.com
125,csmonitor.com
126,heraldsun.com.au
127,newyorker.com/humor/borowitz-report
128,ajc.com
129,pewresearch.org
130,theconversation.com
131,theaustralian.com.au
132,lexisnexis.com
133,newrepublic.com
134,suntimes.com
135,yournewswire.com
136,deseretnews.com
137,dailytelegraph.com.au
138,digitalspy.co.uk
139,detroitnews.com
140,nola.com
141,sltrib.com
142,foreca.com
143,mediamatters.org
144,factcheck.org
145,michaelmoore.com
146,itv.com/news/
147,sacbee.com
148,baltimoresun.com
149,newspapers.com
150,thehindubusinessline.com
151,seattlepi.com
152,sandesh.com
153,dinakaran.com
154,prweb.com
155,radar.weather.gov
156,mirror.co.uk/news/weird-news/
157,ocregister.com
158,tampabay.com
159,newsday.com
160,sandiegouniontribune.com
161,uk.reuters.com
162,orlandosentinel.com
163,jsonline.com
164,mid-day.com
165,bostonherald.com
166,voat.co
167,afr.com
168,rappler.com
169,sfchronicle.com
170,wn.com
171,syracuse.com
172,sun-sentinel.com
173,mcclatchydc.com
174,smartbrief.com
175,kansascity.com
176,fcc.gov
177,townhall.com/columnists/
178,dinamani.com
179,reviewjournal.com
180,theroot.com
181,breakingnews.com
182,commondreams.org
183,agoracosmopolitan.com
184,siasat.com
185,tribuneindia.com
186,newsobserver.com
187,deccanherald.com
188,couriermail.com.au
189,indystar.com
190,wickedlocal.com
191,losangeles.cbslocal.com
192,providencejournal.com
193,tennessean.com
194,truthdig.com
195,vancouversun.com
196,npr.org/programs/
197,mysanantonio.com
198,wtop.com
199,star-telegram.com
200,rte.ie/news
201,theepochtimes.com
202,palmbeachpost.com
203,telegraphindia.com
204,chicagotribune.com/news/columnists/
205,examiner.com
206,c-span.org
207,timesunion.com
208,thebetterindia.com
209,wfp.org
210,richmond.com
211,theadvocate.com
212,macleans.ca
213,newsok.com
214,twincities.com
215,spiegel.de/international/
216,thestranger.com
217,rollcall.com
218,desmoinesregister.com
219,worldweatheronline.com
220,buffalonews.com
221,greaterkashmir.com
222,courant.com
223,adelaidenow.com.au
224,newsthump.com
225,omaha.com
226,thedailymash.co.uk
227,montrealgazette.com
228,thedrum.com
229,metronews.ca
230,parade.com
231,northjersey.com
232,snow-forecast.com
233,weatheronline.co.uk
234,adn.com
235,federalreserve.gov
236,weatherbug.com
237,triblive.com
238,calgaryherald.com
239,cision.com
240,thecrimson.com
241,statesman.com
242,frontpagemag.com
243,villagevoice.com
244,lucianne.com
245,staradvertiser.com
246,dailynews.com
247,pjstar.com
248,telegram.com
249,journalstar.com
250,newsvine.com
251,pressdemocrat.com
252,weather-forecast.com
253,project-syndicate.org
254,rferl.org
255,ajitjalandhar.com
256,onthesnow.com
257,dailyherald.com
258,eastbaytimes.com
259,canberratimes.com.au
260,westword.com
261,people-press.org
262,nyse.com
263,fakingnews.firstpost.com
264,thestate.com
265,copyright.gov
266,lasvegassun.com
267,edmontonjournal.com
268,onlinenewspapers.com
269,independent.ie/business/
270,magnumphotos.com
271,host.madison.com/wsj/
272,weather2umbrella.com
273,theprovince.com
274,poynter.org
275,uexpress.com
276,postandcourier.com
277,houstonpress.com
278,governing.com
279,heraldtribune.com
280,stripes.com
281,militarytimes.com
282,lehighvalleylive.com
283,enterprisenews.com
284,assamtribune.com
285,pilotonline.com
286,mcall.com
287,bbc.co.uk/worldserviceradio
288,mediapost.com
289,afp.com
290,usatoday.com/money/
291,niemanlab.org
292,gastongazette.com
293,knoxnews.com
294,thenewstribune.com
295,roanoke.com
296,thechronicleherald.ca
297,nj.com/news/
298,dallasobserver.com
299,npr.org/sections/news/
300,tucson.com
301,lancasteronline.com
302,abqjournal.com
303,rasmussenreports.com
304,jacksonville.com
305,filmsforaction.org
306,dowjones.com
307,phoenixnewtimes.com
308,patriotledger.com
309,metrowestdailynews.com
310,gainesville.com
311,cjonline.com
312,wsj.com/news/opinion
313,goodnewsnetwork.org
314,unionleader.com
315,bismarcktribune.com
316,pe.com
317,arkansasonline.com
318,sunnyskyz.com
319,cbn.com/cbnnews/
320,einnews.com
321,globalissues.org
322,heraldextra.com
323,newsherald.com
324,thetimesnews.com
325,democratandchronicle.com
326,southcoasttoday.com
327,diversityinc.com
328,durangoherald.com
329,nwitimes.com
330,therealnews.com
331,steynonline.com
332,lohud.com
333,spokesman.com
334,billoreilly.com
335,cjr.org
336,citypages.com
337,heraldnews.com
338,jewishworldreview.com
339,trove.nla.gov.au/newspaper
340,gazette.com
341,ctpost.com
342,bizjournals.com/sanfrancisco/
343,winnipegfreepress.com
344,opendemocracy.net
345,mediabistro.com
346,theledger.com
347,delawareonline.com
348,fresnobee.com
349,bbc.co.uk/5live/
350,floridatoday.com
351,idahostatesman.com
352,globalvoices.org
353,news.harvard.edu/gazette/
354,dailycamera.com
355,timescolonist.com
356,rgj.com
357,grandforksherald.com
358,newswire.ca
359,washingtonmonthly.com
360,theeventchronicle.com
361,dailycal.org
362,duluthnewstribune.com
363,money.cnn.com/news/
364,rcinet.ca
365,dailybruin.com
366,tallahassee.com
367,commercialappeal.com
368,nwfdailynews.com
369,bizjournals.com/sanjose/
370,goupstate.com
371,ocala.com
372,milforddailynews.com
373,dailyprogress.com
374,economist.com/topics
375,aol.com/news/
376,chicagoreader.com
377,aspentimes.com
378,collegemagazine.com
379,harpers.org
380,themercury.com.au
381,pantagraph.com
382,sfweekly.com
383,tveyes.com
384,bizjournals.com/boston/
385,canadafreepress.com
386,austinchronicle.com
387,newstimes.com
388,straight.com
389,bizjournals.com/seattle/
390,ljworld.com
391,thestatesman.com
392,starnewsonline.com
393,clarionledger.com
394,wvgazettemail.com
395,news-gazette.com
396,naplesnews.com
397,adelaidenow.com.au/news/south-australia
398,crainsnewyork.com
399,guardianlv.com
400,journalism.org
401,desertsun.com
402,vvdailypress.com
403,newseum.org
404,yaledailynews.com
405,orlandoweekly.com
406,southbendtribune.com
407,bellinghamherald.com
408,stamfordadvocate.com
409,consortiumnews.com
410,spiked-online.com
411,greensboro.com
412,cnews.canoe.com
413,weather.unisys.com
414,kinston.com
415,citywire.co.uk
416,theday.com
417,tbo.com
418,thedp.com
419,mlive.com/ann-arbor/
420,lacrossetribune.com
421,qctimes.com
422,sandiegoreader.com
423,trib.com
424,dailybreeze.com
425,greenvilleonline.com
426,dailypioneer.com
427,news.gc.ca
428,dailypress.com
429,sj-r.com
430,hutchnews.com
431,calgarysun.com
432,redding.com
433,journalnow.com
434,law.com
435,creators.com
436,news-press.com
437,nhregister.com
438,andhrabhoomi.net
439,washingtoncitypaper.com
440,ntnews.com.au
441,newbernsj.com
442,rrstar.com
443,abcnews.go.com/video/
444,onlineathens.com
445,disinfo.com
446,registerguard.com
447,bradenton.com
448,bizjournals.com/washington/
449,santacruzsentinel.com
450,responsesource.com
451,gannett.com
452,worldpressphoto.org
453,bnd.com
454,sanluisobispo.com
455,bizjournals.com/triangle/
456,ledger-enquirer.com
457,saukvalley.com
458,wcfcourier.com
459,sctimes.com
460,tcpalm.com
461,chnm.gmu.edu
462,sourcewatch.org
463,pressofatlanticcity.com
464,greeleytribune.com
465,argusleader.com
466,briefing.com
467,burlingtonfreepress.com
468,chicagotribune.com/suburbs/post-tribune/
469,lansingstatejournal.com
470,shelbystar.com
471,sunshinecoastdaily.com.au
472,gregpalast.com
473,lubbockonline.com
474,columbian.com
475,vcstar.com
476,jou.ufl.edu
477,carbonated.tv
478,uticaod.com
479,wacotrib.com
480,jdnews.com
481,journalismjobs.com
482,michigandaily.com
483,bizjournals.com/twincities/
484,statesmanjournal.com
485,cnet.com/videos/
486,chicagotribune.com/suburbs/daily-southtown/
487,centredaily.com
488,savannahnow.com
489,browardpalmbeach.com
490,cavalierdaily.com
491,un.org/press/en
492,asianage.com
493,geelongadvertiser.com.au
494,kcchronicle.com
495,nationalreport.net
496,passageweather.com
497,broadcastingcable.com
498,newsminer.com
499,illawarramercury.com.au
500,amarillo.com
