1,amazon.com
2,ebay.com
3,netflix.com
4,amazon.co.uk
5,walmart.com
6,store.steampowered.com
7,etsy.com
8,bestbuy.com
9,ikea.com
10,target.com
11,homedepot.com
12,groupon.com
13,macys.com
14,newegg.com
15,kohls.com
16,nike.com
17,hm.com
18,wiley.com
19,nordstrom.com
20,cambridge.org
21,costco.com
22,bhphotovideo.com
23,gap.com
24,lowes.com
25,humblebundle.com
26,bodybuilding.com
27,jcpenney.com
28,overstock.com
29,sephora.com
30,wayfair.com
31,zappos.com
32,sears.com
33,ticketmaster.com
34,backpage.com
35,gamestop.com
36,6pm.com
37,toysrus.com
38,shutterfly.com
39,urbanoutfitters.com
40,victoriassecret.com
41,staples.com
42,samsclub.com
43,forever21.com
44,sky.com
45,walgreens.com
46,barnesandnoble.com
47,bedbathandbeyond.com
48,google.com/shopping
49,dickssportinggoods.com
50,legacy.com
51,iherb.com
52,directv.com
53,autotrader.com
54,qvc.com
55,yoox.com
56,cvs.com
57,rakuten.com
58,jcrew.com
59,redbubble.com
60,cabelas.com
61,ae.com
62,ulta.com
63,kmart.com
64,cars.com
65,dx.com
66,adidas.com/us/
67,rei.com
68,ifixit.com
69,cargurus.com
70,trademe.co.nz
71,officedepot.com
72,scholastic.com
73,hsn.com
74,sony.com
75,neimanmarcus.com
76,frys.com
77,mango.com
78,www1.bloomingdales.com
79,llbean.com
80,saksfifthavenue.com
81,sweetwater.com
82,marksandspencer.com
83,dsw.com
84,ralphlauren.com
85,underarmour.com
86,anthropologie.com
87,net-a-porter.com
88,backcountry.com
89,mapsofindia.com
90,tigerdirect.com
91,harborfreight.com
92,landsend.com
93,potterybarn.com
94,siriusxm.com
95,musiciansfriend.com
96,fanatics.com
97,abercrombie.com
98,cafepress.com
99,abebooks.com
100,bathandbodyworks.com
101,livingsocial.com
102,modcloth.com
103,oup.com
104,hottopic.com
105,westelm.com
106,blu-ray.com
107,finishline.com
108,freepeople.com
109,adorama.com
110,williams-sonoma.com
111,mobikwik.com
112,joann.com
113,weightwatchers.com
114,nespresso.com
115,lululemon.com
116,bonanza.com
117,gunbroker.com
118,oldnavy.com
119,sierratradingpost.com
120,crateandbarrel.com
121,petsmart.com
122,jomashop.com
123,zumiez.com
124,disneystore.com
125,fineartamerica.com
126,musicnotes.com
127,academy.com
128,orientaltrading.com
129,game.co.uk
130,pandora.net
131,pacsun.com
132,bidorbuy.co.za
133,carmax.com
134,bose.com
135,uncommongoods.com
136,hayneedle.com
137,dillards.com
138,shop.lego.com
139,worldmarket.com
140,lordandtaylor.com
141,belk.com
142,basspro.com
143,midwayusa.com
144,customink.com
145,instyle.com
146,notonthehighstreet.com
147,tirerack.com
148,vitacost.com
149,autotrader.ca
150,coach.com
151,childrensplace.com
152,nflshop.com
153,levi.com/us/en_us/
154,crutchfield.com
155,carid.com
156,lulus.com
157,fingerhut.com
158,vans.com
159,moo.com
160,petco.com
161,sportsmansguide.com
162,pier1.com
163,revolve.com
164,harrods.com
165,chapters.indigo.ca
166,polar.com
167,tradesy.com
168,ebags.com
169,shoebuy.com
170,funimation.com
171,snapfish.com
172,dish.com
173,gymboree.com
174,colehaan.com
175,fossil.com
176,cdbaby.com
177,primagames.com
178,northerntool.com
179,rockauto.com
180,elsevierhealth.com
181,tinyprints.com
182,eddiebauer.com
183,techbargains.com
184,advanceautoparts.com
185,tractorsupply.com
186,monoprice.com
187,cheaperthandirt.com
188,bjs.com
189,toryburch.com
190,anntaylor.com
191,famousfootwear.com
192,payless.com
193,zennioptical.com
194,express-scripts.com
195,aeropostale.com
196,sheetmusicplus.com
197,gandermountain.com
198,minted.com
199,tradepub.com
200,carsforsale.com
201,brownells.com
202,tiffany.com
203,timberland.com
204,summitracing.com
205,copart.com
206,lookfantastic.com
207,dollskill.com
208,therealreal.com
209,loccitane.com
210,moosejaw.com
211,shopgoodwill.com
212,cricketwireless.com
213,hhgregg.com
214,containerstore.com
215,boostmobile.com
216,swappa.com
217,newbalance.com
218,nelly.com
219,ysl.com
220,jwpepper.com
221,cduniverse.com
222,apmex.com
223,maccosmetics.com
224,gnc.com
225,tedbaker.com
226,stevemadden.com
227,torrid.com
228,movietickets.com
229,warbyparker.com
230,burlingtoncoatfactory.com
231,ebay.com/motors
232,hermes.com
233,cdjapan.co.jp
234,tennis-warehouse.com
235,acehardware.com
236,bluefly.com
237,tillys.com
238,duluthtrading.com
239,venus.com
240,brooksbrothers.com/default.tem
241,yesasia.com
242,grasscity.com
243,art.com
244,bergdorfgoodman.com
245,dickblick.com
246,zavvi.com
247,armslist.com
248,sony.co.uk
249,informit.com
250,evo.com
251,buybuybaby.com
252,bricklink.com
253,bluenile.com
254,restorationhardware.com
255,autoanything.com
256,surlatable.com
257,lanebryant.com
258,mandmdirect.com
259,dollarshaveclub.com
260,autos.yahoo.com
261,quill.com
262,converse.com
263,moma.org
264,fragrancenet.com
265,bananarepublic.com
266,threadless.com
267,swansonvitamins.com
268,pbteen.com
269,personalizationmall.com
270,oakley.com
271,reebok.com
272,beachbody.com
273,iaai.com
274,drsfostersmith.com
275,kingarthurflour.com
276,aroma-zone.com
277,roomstogo.com
278,ashford.com
279,journeys.com
280,lids.com
281,autopartswarehouse.com
282,watchuseek.com
283,zales.com
284,personalcreations.com
285,bkstr.com
286,dyson.com
287,swimoutlet.com
288,starcitygames.com
289,anker.com
290,rockler.com
291,hallmark.com
292,opticsplanet.com
293,glassesusa.com
294,bonton.com
295,davidsbridal.com
296,broadway.com
297,globalhealingcenter.com
298,classifiedads.com
299,repairclinic.com
300,puritan.com
301,menswearhouse.com
302,evine.com
303,lampsplus.com
304,christies.com
305,juno.co.uk
306,hemmings.com
307,fender.com
308,gazelle.com
309,thelimited.com
310,brookstone.com
311,cratejoy.com
312,fansedge.com
313,eurocarparts.com
314,womanwithin.com
315,abt.com
316,sothebys.com
317,symbios.pk
318,onlineshoes.com
319,arcamax.com
320,micromaxinfo.com
321,jpc.de
322,zzounds.com
323,orvis.com
324,yandy.com
325,forzieri.com
326,fabric.com
327,cirquedusoleil.com
328,worldscientific.com
329,shoes.com
330,moleskine.com
331,clinique.com
332,knifecenter.com
333,bigbadtoystore.com
334,kirklands.com
335,sonicelectronix.com
336,vodafone.ie
337,talbots.com
338,bizbuysell.com
339,keurig.com
340,mec.ca
341,alibris.com
342,auctionzip.com
343,vitaminshoppe.com
344,casper.com
345,otterbox.com
346,dunkindonuts.com
347,jjill.com
348,sideshowtoy.com
349,landofnod.com
350,luckyvitamin.com
351,brownpapertickets.com
352,skechers.com
353,luckybrand.com
354,forsalebyowner.com
355,dorothyperkins.com
356,coolstuffinc.com
357,jcwhitney.com
358,channelfireball.com
359,sunglasshut.com
360,eyebuydirect.com
361,etrailer.com
362,1000bulbs.com
363,getjar.com
364,the-house.com
365,parts-express.com
366,yankeecandle.com
367,trollandtoad.com
368,adpost.com
369,hammacher.com
370,penguinmagic.com
371,gamefly.com
372,chicos.com
373,homedecorators.com
374,appliancepartspros.com
375,footaction.com
376,gifts.com
377,smilebox.com
378,karmaloop.com
379,zagg.com
380,rebelcircus.com
381,pokemoncenter.com
382,hunterboots.com
383,thewhiskyexchange.com
384,replacements.com
385,ninewest.com
386,promgirl.com
387,roadrunnersports.com
388,framesdirect.com
389,stage.com
390,1999.co.jp/eng/
391,audiobooks.com
392,fnp.com
393,fatbraintoys.com
394,boscovs.com
395,radioshack.com
396,spencersonline.com
397,proflowers.com
398,ha.com
399,wickedweasel.com
400,wetseal.com
401,magiccardmarket.eu
402,sportsshoes.com
403,atgstores.com
404,leevalley.com
405,performancebike.com
406,wine.com
407,westmarine.com
408,autobytel.com
409,samharris.org
410,horizonhobby.com
411,mitpress.mit.edu
412,tipsyelves.com
413,crcpress.com
414,ajmadison.com
415,barenecessities.com
416,lakeside.com
417,stewmac.com
418,frontgate.com
419,carandclassic.co.uk
420,firemountaingems.com
421,giant-bicycles.com
422,partselect.com
423,bradfordexchange.com
424,schwans.com
425,napaonline.com
426,woodcraft.com
427,campingworld.com
428,wexphotographic.com
429,car-part.com
430,harryanddavid.com
431,tickets.com
432,hlj.com
433,guess.com
434,tactics.com
435,pearsoned.co.uk
436,papersource.com
437,suunto.com
438,weddingpaperdivas.com
439,nuts.com
440,worldsoccershop.com
441,skinstore.com
442,buckle.com
443,balsamhill.com
444,youmail.com
445,jensonusa.com
446,well.ca
447,tumi.com
448,windsorstore.com
449,calendars.com
450,urbandecay.com
451,peapod.com
452,bebe.com
453,1800petmeds.com
454,pandahall.com
455,boden.co.uk
456,routledge.com
457,claires.com
458,startrek.com
459,tivo.com
460,entertainmentearth.com
461,crayola.com
462,pyramydair.com
463,destinationxl.com
464,classiccars.com
465,overnightprints.com
466,mightyape.co.nz
467,511tactical.com
468,drjays.com
469,competitivecyclist.com
470,penguinrandomhouse.com/books/
471,towerhobbies.com
472,listia.com
473,hannaandersson.com
474,ems.com
475,press.princeton.edu
476,quibids.com
477,zvab.com
478,loveknitting.com
479,jtv.com
480,discountdance.com
481,oed.com
482,manning.com
483,jpcycles.com
484,weathertech.com
485,cotswoldoutdoor.com
486,batteriesplus.com
487,ticketleap.com
488,soylent.com
489,prestoclassical.co.uk
490,prezzybox.com
491,whsmith.co.uk
492,emusic.com
493,sheplers.com
494,masterofmalt.com
495,cinema.com.my
496,dicksmith.com.au
497,allenedmonds.com
498,sheetmusicdirect.com
499,jessops.com
500,janes.com
